title,link,image,content
EuroLeague'den Beşiktaş'a transfer!,https://www.duhuliye.com/euroleagueden-besiktasa-basantrenorluge-dusan-alimpijevici-getiren-ve-kadrosunda-buyuk-bir-degisime-giden-besiktas-e,https://duhuliyecom.teimg.com/crop/860x504/duhuliye-com/uploads/2023/07/whatsapp-image-2023-07-05-at-164554.jpeg," Beşiktaşlı yöneticilerden edindiğimiz bilgiye göre, Beşiktaş, Euro League'de de mücadele eden Fransız temsilcisi Asvel forması giyen Jonah Mathews ve yine Fransız ekibi Strasbourg'ta forma giyen Matt Mitchell ile imza aşamasına geldi. Transfer harekatını, yeni başantrenör Dusan Alimpijevic'in onayıyla yürüten Beşiktaş, oyun kurucu Needham'ın ardından kısa rotasyonunu bu iki oyuncuyla güçlendiriyor. Asvel forması giyen Jonah Matthews geçtiğimiz sezon Euro League'de maç başına ortalama 10,6 sayı, 1,5 rebound, 2,1 asistle oynarken, Strasbourg'da görev yapan kısa forvet Matt Mitchell ise geçtiğimiz sezonu 15,1 sayı, 3,7 rebound ve 2,1 asist ortalamayla tamamladı. Beşiktaş'ın iki oyuncuyla resmi sözleşmeyi kısa sürede imzalaması bekleniyor. Duhuliye.com ÖZEL HABER ..."
"Beşiktaş - Augsburg hazırlık maçı ne zaman, hangi kanalda?",https://www.duhuliye.com/besiktas-augsburg-hazirlik-maci-ne-zaman-hangi-kanalda,https://duhuliyecom.teimg.com/crop/860x504/duhuliye-com/uploads/2023/07/antrenman.jpg," Beşiktaş - Augsburg hazırlık maçı için heyecanlı bekleyiş başladı. Bu sezon Süper Lig, Ziraat Türkiye Kupası ve UEFA Konferans Ligi olmak üzere üç kulvarda ter dökecek olan siyah beyazlılar, 2023-2024 sezonu ilk hazırlık maçında Augsburg ile karşılaşacak. BEŞİKTAŞ AUGSBURG HAZIRLIK MAÇI NE ZAMAN? Beşiktaş - Augsburg hazırlık maçı 15 Temmuz Cumartesi günü saat 16:00'da oynanacak. BEŞİKTAŞ AUGSBURG HAZIRLIK MAÇI HANGİ KANALDA? Beşiktaş - Augsburg maçının yayıncı kanalı ilerleyen günlerde belli olacak, henüz netlik kazanmadı. ..."
"""Şenol Güneş, Kristoffer Velde transferine ne dedi?""",https://www.duhuliye.com/senol-gunes-kristoffer-velde-transferine-ne-dedi,https://duhuliyecom.teimg.com/crop/860x504/duhuliye-com/uploads/2023/07/79c82b2ecf414e36ace9815111a21117.jpg," Serdar Sarıdağ şunları söyledi: Beşiktaş'ın gündeminde olmayan oyunculardan bir tanesi Güven Yalçın çünkü mental olarak hiçbir zaman Beşiktaş'ta kendini hazır hissetmedi ve verilen fırsatları değerlendiremedi. Kuzyaev kendi takımında sözleşme uzatma durumu ihtimali var fakat bu uzatma olayı Beşiktaş ile görüşmelerde bir koz olarak kullanılıyor. Bu kozun net cevabı ise daha fazla para demek. Beşiktaş'ın transfer listesinde elde çok oyuncu var. Burak Yılmaz'ın varlığı birçok Türk oyuncuların transferinde olumlu katkı yapacaktır. Sabitzer ve Matip olması imkânsız iki transfer bütçe açısından bu iş olamaz. Gustavo Scarpa geniş transfer listesinde ismi yer alan futbolculardan. Birkaç ismin transferi olmaz ise olabilecek bir isim. Afrikalı birçok oyuncu takip ediliyor. Beşiktaş'ın mutlaka bir Türk kulübünden iyi yerli veya Türk kulüplerinden iyi yabancı alacaklarını düşünüyorum. Şenol Güneş'in isteği ile yerli oyuncu kadrosunu daha güçlendirmek hatta önümüzdeki sezon ilk onbirde dört Türk oyuncunun oynamasınıda Şenol Güneş'in ve Beşiktaş yönetimi açısından önemli olduğunu bu konuya sıcak baktıklarını söyleyebilirim. Beşiktaş, Halil dervişoğlu için bonservis bedeli ödemek istemiyor. ..."
Beşiktaş'a Euroleague müjdesi!,https://www.duhuliye.com/besiktasa-euroleague-mujdesi,https://duhuliyecom.teimg.com/crop/640x320/duhuliye-com/uploads/2023/07/ogimage-en.png, Beşiktaş Kadın Basketbol Takımı’nın ön elemedeki rakibi 9 Ağustos Çarşamba günü Almanya’nın Münih kentinde yapılacak kura çekiminde belli olacak. ...
Beşiktaş’ta Aboubakar ve Masuaku antrenmanda yer aldı,https://www.duhuliye.com/besiktasta-aboubakar-ve-masuaku-antrenmanda-yer-aldi,https://duhuliyecom.teimg.com/crop/640x320/duhuliye-com/uploads/2023/07/a82893f14a21f091ca04221219fe0751pr.jpg," Teknik direktör Şenol Güneş yönetiminde gerçekleştirilen idmanda siyah-beyazlılar, kondisyon ve taktik çalıştı. Isınma, kuvvet ve koordinasyon çalışmalarıyla başlayan antrenman, 5’e 2 top kapma çalışmasının ardından pilates topuyla yapılan voleybol maçıyla tamamlandı. Beşiktaş, yeni sezon hazırlıklarına akşam yapacağı antrenmanla devam edecek. ..."
Süper Lig'de fikstür ne zaman çekilecek?,https://www.duhuliye.com/super-ligde-fikstur-ne-zaman-cekilecek,https://duhuliyecom.teimg.com/crop/640x320/duhuliye-com/uploads/2022/09/bjk-logolar/screen-shot-2022-09-13-at-105643.JPG," Bu sezon 20 takımla oynayacak ligde fikstür de oldukça yoğun olacak. Milli maçlar, Ziraat Türkiye Kupası ve Avrupa maçları eklendiğinde takımları oldukça yoğun bir tempo bekliyor. Peki Süper Lig'de fikstür çekimi ne zaman yapılacak. TFF'nin Temmuz ayının 15'inden önce fikstür çekimini yapmayı planladığı öğrenildi. Alınan bilgilere göre önümüzdeki haftanın sonuna doğru Türkiye Futbol Federasyonu'nun Riva'daki merkezinde fikstür çekimi gerçekleştirilecek. Duhuliye.com ..."
"""Beşiktaş'ın şu an bitirmeye en yakın görünen oyuncuları Amartey ve Kuzyaev""",https://www.duhuliye.com/besiktasin-su-an-bitirmeye-en-yakin-gorunen-oyunculari-amartey-ve-kuzyaev,https://duhuliyecom.teimg.com/crop/640x320/duhuliye-com/uploads/2023/07/image-104.png," Kartal Yiğit'in sözlerinden öne çıkanlar şöyle: Antremanda Ahmet Nur Çebi ve Ceyhun Kazancı ile görüştük. İşin ön planda görünen kısmında Ceyhun Kazancı var. Beşiktaş transfer komitesi bu sene farklı bir yöntem uyguluyor. Daha doğrusu başkan, Ceyhun Kazancı ve Emre Kocadağ. Ceyhun Kazancı geçtiğimiz günlerde İngiltere'de idi ve bazı görüşmeler yaptı. Beşiktaş'ın şu an transferini bitirmeye en yakın görünen oyuncuları Kuzyaev ve Amartey... Bir stoper ve orta saha oyuncusu. Bu iki oyuncu için iyi bir aşamaya gelindi zaten sayın Kazancı'da söyledi benimde edindiğim bilgiler kamp öncesi veya kampın ilk günlerinde bu iki transferin bitme ihtimalinin çok yüksek olduğu yönünde. Beşiktaş camiası sosyal medya üzerinden geç kalındığı yönünde eleştiriler yapıyor ama işin aslı öyle değil hakikaten çalışmalar en üst düzeyde yapılıyor. Başkan Ahmet NUr Çebi kulübün parasını kullanma konusunda biraz zaten bu konuda titiz davranan yöneticilerden. İnce eleyip, sık dokuyorlar... Kulübü çok borca sokmadan ideal transferlerle işi bitirmek istiyorlar. ..."
Beşiktaş'ın rakibi Ajax,https://www.duhuliye.com/besiktasin-rakibi-ajax,https://duhuliyecom.teimg.com/crop/640x320/duhuliye-com/uploads/2023/07/adam.jpg," Ancak Hollanda basınında çıkan habere göre Beşiktaş'ın işi zora girdi. AJAX TALİP OLDU Hollanda basını Beşiktaş'ın Ajax'la Norveç ekibi Lillestrom'un golcüsü için kapıştığını öne sürdü. 23 yaşındaki Nijeryalı oyuncu, Norveç liginde 11 maçta 10 gol ve 1 asistlik performansıyla göz doldurdu. Beşiktaş'ın takibindeki Akor Adams ile Hollanda devi Ajax da ilgileniyor. Norveç ekibi de iki kulübün rekabetinden yararlanarak golcüsünden 5-6 milyon euro kazanmak niyetinde. sporx ..."
Ersin'in kaderi belli oluyor! Yeni adresi... ,https://www.duhuliye.com/ersinin-kaderi-belli-oluyor-yeni-adresi,https://duhuliyecom.teimg.com/crop/640x320/duhuliye-com/uploads/2023/07/6320112f86b24a46c42214e3.webp," Beşiktaş’ta geçen sezon kaleyi Mert Günok’a kaptıran genç kaleci Ersin Destanoğlu, birçok maçta yedek kulübesinde yer almıştı. Genç kalecinin bu durumdan rahatsız olduğu bilinirken yeni sezonda takımda kalıp kalmayacağı merak konusu olmuştu. Ersin Destanoğlu’yla Süper Lig’den bazı takımlar ilgileniyor. Ersin’in olası transfer tercihinin Avrupa olduğu belirtildi. Genç futbolcunun transferi için Avrupa’dan bir takımın ısrarcı olduğu yurt dışına transfer olma ihtimalinin yüksek olduğu ifade edildi. Transfermarkt’a göre bonservis değeri 5 milyon euro olarak gösterilen 22 yaşındaki Ersin Destanoğlu, siyah beyazlı formayı geçen sezon 11 maçta giydi, kalesinde 14 gol gördü, 3 maçta ise gol yemedi. Duhuliye.com ..."
''Beşiktaş o parayı verir mi? Emin değilim..'',https://www.duhuliye.com/besiktas-o-parayi-verir-mi-emin-degilim,https://duhuliyecom.teimg.com/crop/640x320/duhuliye-com/uploads/2023/07/zayt.jpg," Kazakistan Milli Futbol Takımı'nın eski oyuncusu Timur Sissenov, Beşiktaş'ın CSKA'da forma giyen Zaynutdinov'a olan ilgisi hakkındaki görüşünü Sports.kz ile paylaştı. ''Benim düşünceme göre, Baha zaten profesyonel bir futbolcu olarak gündemdeki yerini aldı. Herhangi bir kulübe adapte olabilecek yetenekte. Doğru. Bir ama var. Atılan gollere ve asistlere bakılarak bir hücum oyuncusu olarak görülmüyor. Büyük ölçüde, oyunu iyi anlayan insanların fark edebileceği türden bir çalışma yapıyor. Türk taraftarlar hücum oyuncularının gollerini görmek ister. Bu bakımdan onun için kolay olmayacak. Ama genel olarak, neden denemiyorsun denir. Baha'nın başarılı olacağını düşünüyorum.'' Bu arada Yusuf Yazıcı'nın menajeri Adem Cebeci, Beşiktaş'ın Kazak oyuncu için istenen rakamı ödeyemeyeceğini iddia etti. Cebeci, Sports.kz’ye şunları söyledi. '' İyi bir oyuncu. Gerçekten hoşuma gitti. Ancak Beşiktaş'ın onun için 6 milyon Euro'dan fazla para ödeyebileceğinden emin değilim.'' fotospor ..."
Amartey ve Kuzyaev'de sona doğru!,https://www.duhuliye.com/amartey-ve-kuzyaevde-sona-dogru,https://duhuliyecom.teimg.com/crop/640x320/duhuliye-com/uploads/2023/07/image-103.png," Teknik direktör Şenol Güneş'in önceki gün düzenlediği basın toplantısında stoper ve orta saha transferini işaret etmesinin ardından gözler bu bölgelere yapılacak hamlelere çevrildi. Her iki mevki için birçok oyuncuyla yapılan görüşmeler sonrası stoperde Amartey, orta sahada Kuzyaev isimleri ön plana çıktı. Beşiktaş yönetimi bonservisi elinde bulunan her iki oyuncuya da teklifini iletti. Beşiktaş'ın teklifinin oyuncular tarafından olumlu karşılandığı, oyuncuların Avrupa'nın büyük liglerinden gelebilecek bir teklif için Beşiktaş'tan süre talep ettikleri öğrenildi. Geçtiğimiz hafta sonu oyunculara 1 hafta süre tanıyan Beşiktaş yönetimi oyuncuların durumunu yakından takip ederken, her iki oyuncuya da gelen bir teklifin olmadığı, oyuncuların en geç bu hafta sonunda Beşiktaş'a olumlu dönüş yapmalarının beklendiği bilgisine ulaşıldı. Amartey ve Kuzyaev'i kadrosuna katmaya yakın olan Beşiktaş, oyuncuları Avusturya kampına yetiştirip, 27 Temmuz'da oynanacak Konferans Ligi eleme turunda sahaya çıkarmanın hesaplarını yapıyor. Duhuliye.com / ÖZEL HABER ..."
Yönetimden kombine kararı! Konferans Ligi...,https://www.duhuliye.com/yonetimden-kombine-karari-konferans-ligi,https://duhuliyecom.teimg.com/crop/640x320/duhuliye-com/uploads/2023/07/x1080-3.jpg," Kombinelerde fiyatlar dışında en çok tartışılan konulardan biri de Konferans Ligi maçlarının kombine kapsamına dahil edilmemesi olmuştu. Yönetim, Avrupa maçlarında farklı fiyatlandırma uygulaması geliştirmek istediği için özellikle sosyal medyada taraftarlarca ağır eleştirilere maruz kalmıştı. Taraftarın tepkisi ve taraftar gruplarının yönetimle yaptığı görüşmeler sonrası Konferans Ligi maçlarının da kombine kapsamına dahil edilmesi kararı alındı. Beşiktaş yönetiminin bu kararı kısa süre içerisinde açıklaması bekleniyor. Duhuliye.com / ÖZEL HABER ..."
Beşiktaş'ın 110 milyon Eurosu nasıl buhar oldu?,https://www.duhuliye.com/besiktasin-110-milyon-eurosu-nasil-buhar-oldu,https://duhuliyecom.teimg.com/crop/640x320/duhuliye-com/uploads/2023/06/gazprom-bjk.png," Spor dışına çıkmayalım diyoruz ya genelde. Direniyorum ama sınırlar da zorlanıyor. İçim içimi yiyor! Nasıl rahat olayım nasıl? Dünyanın en güzel konumuna sahip olan Beşiktaş’ın stadı isim sponsoru sendromu yaşıyor. Oysa Ahmet Nur Çebi, Rusya’nın en büyük şirketi olan Gazprom’un CEO’su Alexey Miller ile anlaşmaya varmıştı. Hem de öyle böyle değil. 5 yıllık. İlk 3 yıl için toplam 60 milyon euro. Kalan son iki sene 50 milyon olacaktı. Bu yıllık sponsorluk ücreti futbol takımının yıllık maliyetinin yarısından fazlasıydı. Anlaşmanın yazıya dökülüp imzalanması için tarih belirlenme sürecine girildi. İşte ne oldu ise tam bu sırada oldu. Ne yaptın Wagner? Şu bildiğimiz Wagner Love degil. Rus özel birliklerin adı. Sen kalk Putin’e baş kaldır. Kremlin’i kuşatmak için Moskova yoluna düş. Allah sana akıl fikir versin Wagner! Hal böyle olunca Çebi, Miller’e ulaşamıyor. Yer yarıldı, Wagner'in içine düştü sanki. CEO ortalıkta yok. Kulübe öte yandan bilgi notu ulaşıyor. ""Rusya’da yaşanan olağanüstü durum itibari ile bütün sportif faaliyetlerimize verdiğimiz destekler askıya alınmıştır"" diye. Al sana şok. Getirisi yok. Oldu mu şimdi? Ulan Wagner misin Keller misin her neysen bir çuval inciri mahvettin. Ülkemizin en büyük sponsorluk anlaşmasının ipini çektin. Hadi kendini mahvettin. Beter olasın beter de! Beşiktaş’a yaşattığın bu zararı kim nasıl, telafi edecek? Ulan senin yatacak yerin yok Wagner! Lanet olası seni! DEMİRÖREN DEVREDE Stat ismi için Rus doğal gaz firması ile büyük sıkıntı yaşayan Beşiktaş, bunun üzerine Azerbaycan’ın milli petrol ve gaz şirketi SOCAR ile temasa başladı. Bunun için, aynı ülkede, işleri olan (Bahis ve piyango şirketleri) eski Başkan Yıldırım Demirören’in desteğine başvurulduğu ileri sürülüyor. İngiliz kulüplerine yaptıkları yatırımlarla öne çıkan Birleşik Arap Emirlikleri Havayolu şirketi Emirates’in ilgisi de var. Peki Moskova - Bakü - Dubai üçgeninde anlaşma sağlanamaz ise ne olacak? Çebi’nin ‘B’ planı da hazır. Bunun adı THY. Milli havayolu şirketimiz; Basket ve futbola ilgili. Euroleague ve Şampiyonlar Ligi ana sponsoru. Başakşehir’e bile bir dönem sponsorluk yapmıştı. Taraftarı, camiası, izlenmesi olmayan Bu kulübe hem de. THY ile Stat sponsoru anlaşması hiç fena olmaz. Ülkenin iki güzide markası Dolmabahçe’ye çok yakışır. Şahsen Emirates yerine THY tercihimdir. Ancak futbolda duygusallığa yer yok. Parayı veren, düdüğü çalıyor. Beş parasız kalasın Wagner! İnsanların hayallerini mahvettin Wagner! (Şerafettin Tilki/yeniçağ) ..."
"Beşiktaş, Borsada En Fazla Kazandıran Spor Şirketi Oldu",https://www.duhuliye.com/besiktas-borsada-en-fazla-kazandiran-spor-sirketi-oldu,https://duhuliyecom.teimg.com/crop/640x320/duhuliye-com/uploads/2023/07/1454937292716.jpg," Borsa İstanbul'da işlem gören spor kulüpleri arasında hisseleri yılın ilk yarısında yüzde 280,5 artış kaydeden Beşiktaş Futbol Yatırımları Sanayi ve Ticaret AŞ, yatırımcısına en fazla kazandıran spor şirketi oldu. AA muhabirinin derlediği verilere göre, spor endeksi, Ocak-Haziran 2023'te yüzde 26 değer kazandı. Hisseleri yılın ilk yarısında yüzde 280,5 artan Beşiktaş, bu dönemde yatırımcısına en fazla kazandıran spor şirketi oldu. Beşiktaş hisseleri, geçen ay da 23,10 lira ile tavan oldu. Beşiktaş, Spor Toto Süper Lig'i 3. sırada tamamladı. Valerien Ismael ile sezona başlayan siyah-beyazlı ekip, Fransız çalıştırıcı yönetiminde istenilen sonuçların alınamaması üzerine 11. haftanın ardından teknik direktör değişikliğine gitti. Takımı Şenol Güneş'e emanet eden siyah-beyazlılar, deneyimli teknik adamla iyi bir grafik çizdi. Beşiktaş ayrıca, finansal teknoloji şirketlerinden Papara ile sponsorluk anlaşması imzaladı. Galatasaray, 193 milyon 791 bin lirayla havuzdan en fazla pay alan ekip oldu Galatasaray Sportif Sınai ve Ticari Yatırımlar'ın hisseleri, yılın ilk yarısında yüzde 5,9 artış kaydetti. Galatasaray, Spor Toto Süper Lig'de 2022-2023 sezonunu zirvede tamamlayarak 23. şampiyonluğuna ulaştı. Şampiyonluğu daha önce garantileyen Galatasaray, 37. haftada konuk ettiği ezeli rakibi Fenerbahçe'yi 3-0 mağlup etmişti. Spor Toto Süper Lig'de 2022-2023 sezonu geride kalırken, takımların yayın gelirleri de şekillendi. Sezonu şampiyon olarak tamamlayan Galatasaray, 193 milyon 791 bin lirayla havuzdan en fazla pay alan ekip oldu. Fenerbahçe hisseleri ilk yarıda yüzde 14,7 düştü İlk yarıda yatırımcısına Trabzonspor Sportif Yatırım ve Futbol İşletmeciliği yüzde 8,8 ve Fenerbahçe Futbol AŞ yüzde 14,7 kaybettirdi. Spor Toto Süper Lig'de Medipol Başakşehir'e deplasmanda 3-1 yenilerek ligi 57 puanla 6. sırada tamamlayan Trabzonspor, şampiyon olarak bitirdiği geçen sezonu aradı. Zirve yarışından uzakta kalan Trabzonspor, borsada da iç açıcı bir performans sergilemedi. Bu arada, Fenerbahçe Kulübü ve bağlı ortaklıklarının 31 Aralık 2022 itibarıyla borcunun 7 milyar 686 milyon lira olduğu bildirildi. Spor hisseleri haziran ayında yatırımcısına kazandırdı Aylık bazda bakıldığında ise spor hisseleri haziranda yatırımcısının yüzünü güldürdü. Özellikle borsada ralli havasının devam etmesi ve rekorların tazelenmesiyle geçen ay spor hisselerinde de hızlı yükselişler görüldü. Geçen ay yatırımcısına Beşiktaş yüzde 73,6, Fenerbahçe yüzde 30, Trabzonspor yüzde 24,2 ve Galatasaray yüzde 4,4 kazandırdı. En fazla piyasa değerine Fenerbahçe sahip Halka açık 4 spor şirketi arasında en fazla piyasa değerine Fenerbahçe sahip oldu. Fenerbahçe, geçen ayı 6 milyar 156 milyon 556 bin lira piyasa değeriyle tamamladı. Beşiktaş'ın piyasa değeri, haziranda 5 milyar 424 milyon lirayla tarihi zirveye ulaştı. Fenerbahçe ve Beşiktaş'ı, 4 milyar 525 milyon 200 bin lirayla Galatasaray ve 2 milyar 185 milyon lirayla Trabzonspor takip etti. Borsada işlem gören 4 spor şirketinin Aralık 2022, Mayıs 2023, Haziran 2023 kapanış fiyatı, değişimi, 2022 sonuna göre farkı ve piyasa değeri şöyle: Şirket 2022 Aralık kapanış fiyatı (TL) 2023 Mayıs kapanış fiyatı (TL) 2023 Haziran kapanış fiyatı (TL) 2023 Haziran aylık değişim (yüzde) 2022 sonuna göre fark (yüzde) Piyasa değeri Beşiktaş 5,94 13,02 22,60 +73,6 +280,5 5.424.000.000 Galatasaray 7,91 8,03 8,38 +4,4 +5,9 4.525.200.000 Trabzonspor 4,79 3,52 4,37 +24,2 -8,8 2.185.000.000 Fenerbahçe 72,90 47,86 62,20 +30 -14,7 6.156.556.000 Kaynak: Anadolu Ajansı ..."
"Beşiktaş, boğasını buldu",https://www.duhuliye.com/besiktas-bogasini-buldu,https://duhuliyecom.teimg.com/crop/640x320/duhuliye-com/uploads/2023/07/alex-collado-elche-4-641x361.webp," Yeni sezon hazırlıklarına başlayan Beşiktaş, transfer konusunda da gaza bastı. ALEX COLLADO GÜNDEMDE Beşiktaş'ın, bonservisi Barcelona'da bulunan ve geçtiğimiz sezonu Elche'ye geçiren Alex Collado ile ilgilendiği öne sürüldü. Katalan devinin gelecek planlarında yer almayan İspanyol kanatın, bu teklife sıcak bakabileceği kaydedildi. Collado geçtiğimiz sezon Elche formasıyla 17 maça çıkarken 764 dakika süre aldı ve 1 gol, 1 asistlik performans gösterdi. Barcelona ile 2024'e kadar sözleşmesi bulunan 24 yaşındaki oyuncunun güncel piyasa değeri 3 milyon euro. Kaynak: Sabah ..."
"Beşiktaş'ta isteneni verememişti, Los Angeles derbisinde yıldızlaştı!",https://www.duhuliye.com/besiktasin-eski-hucum,https://duhuliyecom.teimg.com/crop/640x320/duhuliye-com/uploads/2023/07/1671318jpg.webp," Amerikan futbol ligi MLS'te bu sabah tarihi bir final oynandı. El Trafico olarak adlandırılan Los Angeles Galaxy ve Los Angeles FC derbisini konuk ekip Los Angeles Galaxy 2-1 kazandı. Maçta Beşiktaş'ın ve Sivasspor'un eski futbolcusu Tyler Boyd, iyi performansını golle süsledi. El Trafico'da seyirci rekoru Ayrıca dev derbide seyirci rekoru da kırıldı. Rose Bowl Stadyumu'nda oynanan karşılaşmayı 82 bin 110 taraftar takip etti. İlk gol Tyler Boyd'dan geldi Los Angeles Galaxy'ye galibiyeti getiren golleri eski Beşiktaşlı Tyler Boyd ve Riqui Puig kaydetti. Los Angeles FC'nin tek golü ise Ilie Sanchez'den geldi. MLS seyirci rekoru yenilendi El Trafico olarak adlandırılan derbide seyirci rekoru kırıldı. Geçtiğimiz yıl Charlotte FC'nin ilk iç saha maçında 74 bin 479 kişi ile kırılan MLS seyirci rekoru, Los Angeles derbisiyle birlikte bir kez daha kırıldı. El Trafico derbisi ertelenmişti Karşılaşmayı 82 bin 110 kişi takip ederken bu maç, 25 Şubat'ta oynanması planlanmış ancak Güney Kaliforniya'daki şiddetli yağmur ve rüzgar nedeniyle ileri bir tarihe ertelenmişti. Los Angeles FC 32 puanda kaldı Batı Konferansı'nda 13. sırada yer alan Los Angeles Galaxy, aldığı galibiyetle puanını 19 yaptı. Sahadan yenilgiyle ayrılan ve konferans liderliği için mücadele den Los Angeles FC ise 32 puanda kaldı. Kaynak: Ajansspor ..."
"Redmond baba oldu, gözler kararda!",https://www.duhuliye.com/redmond-baba-oldu-gozler-kararda,https://duhuliyecom.teimg.com/crop/640x320/duhuliye-com/uploads/2023/07/image-102.png," Nathan Redmond'ın hamile eşi, bebeğini dünyaya getirdi. Redmond çifti çocuklarına Smokey Chai adını verdi. Siyah-beyazlılar, kontratı sona eren Redmond'la görüşmelerde bulunurken eşinin İngiltere'ye dönme isteği bu transferde en büyük engel olarak görülüyordu. Yine de son görüşmeler olumlu geçerken yıldız isim kesin kararını bu hafta iletecek. ..."
Beşiktaş'ın radarındaki o isme Fenerbahçe'den kanca,https://www.duhuliye.com/besiktasin-radarindaki-o-isme-fenerbahceden-kanca,https://duhuliyecom.teimg.com/crop/640x320/duhuliye-com/uploads/2023/07/1200-l-alexander-djiku-frustr-aprs-la-dfaite-au-parc-des-princes.jpg," Siyah beyazlıların stoper adaylarının başında gelen başarılı isme ezeli rakibinden teklif geldiği iddia edildi. Foot Mercato’da yer alan habere göre Strasbourg’dan ayrılan ve bonservisi elinde bulunan Alexander Djiku, Fenerbahçe’nin yeni stoper adayı konumunda. Beşiktaş’ın yanı sıra Premier Lig ekibi Nottingham da 28 yaşındaki savunmacının peşinde. Ancak en ciddi teklifin Sarı-Lacivertliler’den geldiği ve transferde bir adım öne geçtiği kaydedildi. Son 4 sezonu Strasbourg’ta geçiren Djiku, Gana Milli Takımı’nda da 20 kez görev yaptı. Kaynak: Fanatik ..."
Beşiktaş'tan Rangers'ın orta sahasına resmi teklif,https://www.duhuliye.com/besiktastan-rangersin-orta-sahasina-resmi-teklif,https://duhuliyecom.teimg.com/crop/640x320/duhuliye-com/uploads/2023/07/b25ly21zomu3y2rmodmxlwe4ymmtngizms1hyzhmltlimwnim2q2yjm1njpmmwjmmdyyyy03mjfiltq4nzetoti4mc00mdu0ntlhmju0ndk.jpg," Jean Onana konusunda beklediği cevabı alamayan Beşiktaş, Glen Kamara için Rangers'ın kapısını çaldı. Kiralama teklifi sundu. İskoç ekibinden cevap bekliyor. Siyah-beyazlıların 2025 sezonu sonuna kadar sözleşmesi Sierra Leone asıllı Fin oyuncu için yaptıkları teklifte kesin satın alma maddesi yer almıyor. Rangers'in milyon sterlin fiyat etiketi ile satışa koyduğu Kamara için önceliği bonservisiyle göndermek... şimdiye kadar Beşiktaş dışında herhangi netleşen bir teklif yok. Rangers'ın bir süre daha beklediği teklifi alamaması durumunda Beşiktaş'ın en azından kesin satın alma opisyonuyla masaya davet etme ihtimali üzerinde duruluyor. Kaynak: Fotospor ..."
Transferdeki gizli rota: Norveç'in Talisca'sı,https://www.duhuliye.com/transferdeki-gizli-rota-norvecin-taliscasi,https://duhuliyecom.teimg.com/crop/640x320/duhuliye-com/uploads/2023/07/velde.jpg," Sol kanada takviye arayışlarında olan siyah beyazlılar, Kristoffer Velde'yle anlaşma aşamasına geldi. Polonya'da Lech Poznan forması giyen 23 yaşındaki Norveçli oyuncu Şenol Güneş'i de oldukça büyüledi. Genç yıldızın analiz videolarını izleyen tecrübeli teknik adam oldukça heyecanlandı. Kartal'ın eski yıldızı Anderson Talisca'ya benzettiği oyuncunun transferinin bir an önce gerçekleşmesini istedi. KARTAL BİR ADIM ÖNDE Velde'nin menajeriyle yapılan görüşmelerde büyük aşama kaydedildi. Yıldız oyuncu da Beşiktaş'ta forma giymeye sıcak bakarken kulübü Lech Poznan işi yokuşa sürüyor. Sözleşmesi 2025'te bitecek olan Velde'den yüksek bonservis geliri bekleyen Polonya temsilcisinin yetkilileri, başka kulüplerin ilgisini kullanıyor. Velde'ye Bundesliga ve Fransa'dan taliplerin olmasına rağmen şu anda Beşiktaş'ın bir adım önde olduğu bilgisine ulaşıldı. LECH POZNAN'IN İSTEĞİ: 7 MİLYON EURO Norveç'in orta sıra takımlarından Haugesund'da forma giydiği dönemde Lech Poznan'ın keşfettiği Velde, 2021-22 sezonunun devre arasında 1.1 milyon euro karşılığında Polonya'nın yolunu tutmuştu. Velde için Lech Poznan'ın 7 milyon euro bonservis beklentisi olduğu öğrenildi. TAM KARTAL'IN İHTİYACI Birçok kulübün radarında olduğu belirtilen 23 yaşındaki Norveçli kanat oyuncusu, geride bıraktığımız sezon gösterdiği performansla dikkat çekilmişti. Lech Poznan ile 2022-23'te bütün kulvarlarda 48 maça çıkan oyuncu 16 gol 7 asistlik katkı verdi. Kaynak: Türkiye ..."
"'Kuzyaev, 2,5 milyon Euro'ya evet dedi' iddiası",https://www.duhuliye.com/kuzyaev-25-milyon-euroya-evet-dedi-iddiasi,https://duhuliyecom.teimg.com/crop/640x320/duhuliye-com/uploads/2023/07/kuzyaev.webp," Beşiktaş Sportif Direktörü Ceyhun Kazancı'nın bir gün önce, ''iyi haberler var'' dediği Daler Kuzyaev için Salı günü Rusya'dan aksi yönde bir iddia geldi. Rus Sports Daily'nin haberine göre; Orta saha oyuncusu Daler Kuzyaev, Zenit St. Petersburg'da oynamaya devam edecek. 30 yaşındaki oyuncu, Beşiktaş'a gitmeyi reddetti. Kaynağımızın iddiasına göre Zenit, Kuzyaev'e yılda 2,5 milyon Euro vermeyi kabul etti. Kuzyaev de bu sayede yeni sözleşmeyi onayladı. Sözleşmenin şartları kısa süre içinde basına duyurulacak. DALER KUZYAEV 2017'DEN BERİ ZENIT'TE Beşiktaş'ın bir numaralı orta saha hedefi haline gelen Daler Kuzyaev, 2017'den beri Zenit forması giyiyor. Zenit, 2017 yılında Akhmat Grozny'e 4 milyon Euro ödeyerek Daler Kuzyaev'in bonservisini almıştı. Daler Kuzyaev, geçen sezon 35 maçta forma giyerken, 5 gol atıp, 7 asist gerçekleştirmişti. Kaynak: Fotospor ..."
Beşiktaş’ta favori Amartey plase Djiku,https://www.duhuliye.com/besiktasta-favori-amartey-plase-djiku,https://duhuliyecom.teimg.com/crop/640x320/duhuliye-com/uploads/2023/07/amartey-djiku.webp," Beşiktaş’ta öncelikli gündem maddesi sağ stopere yapılacak takviye. Teknik Direktör Şenol Güneş'in yönetimden acil olarak istediği transferde aday sayısı ikiye düşmüş durumda… Siyah-beyazlıların favorisi Leicester City ile sözleşmesi sona eren ve bonservisi elinde olan Daniel Amertey… Şenol Güneş'in çok beğendiği Ganalı futbolcunun taliplerinin çok olması transferin önündeki engel olsa da Beşiktaş, futbolcuyu ikna etme anlamında ciddi yol almış durumda… SAISS’İN DURUMU BELİRSİZ Kara Kartal'ın bu futbolcuya alternatif olarak belirlediği diğer isimse Alexander Djiku… Strasbourg'la sözleşmesi biten Ganalı futbolcu vatandaşı Amartey gibi bonservisini elinde bulunduruyor. 28 yaşındaki her iki oyuncu için yoğun çaba harcayan Beşiktaş, imza parası, uzun süreli sözleşme ve bonus maddeleriyle transferlerden birini noktalamaya çalışacak. Saiss'in her an gerçekleşecek ayrılma ihtimali, bu bölgeye yapılacak takviyeyi zorunlu hale getiriyor. Kaynak: Sözcü ..."
Halil Dervişoğlu'nda ısrar edilecek,https://www.duhuliye.com/halil-dervisoglunda-israr-edilecek,https://duhuliyecom.teimg.com/crop/640x320/duhuliye-com/uploads/2023/07/836x530-transfer-haberleri-halil-dervisoglunun-yeni-takimi-belli-oldu-1661864339330.jpg," Tecrübeli çalıştırıcı, Halil için ""Halil Dervişoğlu'nu takımda görmek istiyorum. Sağ, sol ve santrfor olarak oynayabilen ve kendini geliştirmeye açık genç bir oyuncu"" derken; sportif direktör Ceyhun Kazancı ise ""Halil için Brentford 2 milyon euro bonservis istedi. Biz bir sonraki satıştan yüzde 30 pay teklif ettik, kabul etmediler. Şu an Halil için beklemeye geçtik"" dedi. Yönetim, Güneş'in ısrarı üzerine İngiliz ekibine bir miktar bonservis ve satıştan pay şartlarıyla yeni bir teklif hazırlayıp sunma kararı aldı. Kaynak: Fotomaç ..."
"3 milyon Euro'ya gelmişti, yeni kulübü belli oldu",https://www.duhuliye.com/3-milyon-euroya-gelmisti-yeni-kulubu-belli-oldu,https://duhuliyecom.teimg.com/crop/640x320/duhuliye-com/uploads/2023/07/image-101.png," Fulham'da yaptığı çıkışın ardından Eylül 2013'te 3.15 milyon Euro bonservisle Beşiktaş'ın yolunu tutan Kerim Frei, Siyah Beyazlı ekipte 4 yıl forma giydi. 109 resmi maçta 13 gol, 6 asistle oynayan Kerim, Beşiktaş'ta 2 Süper Lig şampiyonluğu yaşarken Ocak 2017'de Ada'ya döndü. UZUN UĞRAŞLAR SONUCU A MİLLİ TAKIM'I SEÇTİ 1993 yılında Avusturya'da doğan Kerim Frei, Fulham formasıyla Premier Lig'de gösterdiği performansla büyük takımların dikkatini çekmişti. Altyapılarda İsviçre Milli Takımı adına futbol oynayan Kerim, dönemin A Milli Takım Teknik Direktörü Abdullah Avcı'nın ısrarları sonucunda Türkiye'yi tercih etmişti. KISA SÜRELİ ADA MACERASI SONRASI BAŞAKŞEHİR'E GELDİ Birmingham'a transfer olarak İngiltere defterini yeniden açan Kerim, 13 maçta 1 golle oynamasının ardından Türkiye'ye Başakşehir formasıyla döndü. KARDEŞİ İLE BİRLİKTE EMMEN'E GİTTİ Temmuz 2017'de geldiği Başakşehir'den Şubat 2019'da ayrılan başarılı oyuncu, devam eden süreçte kiralık dönemler yaşadı. Maccabi Haifa ve Emmen formaları giymesinin ardından Başakşehir'le sözleşmesini fesheden Kerim, bonservisiyle Hollanda ekibine katıldı. Kiralık sözleşmesi sonrası Emmen'le 1.5 yıllık sözleşme imzalayan Kerim, kardeşini de yanına götürdü. Sol bek Elias Frei da Emmen ile 1.5 yıllık anlaşma yaptı. FATİH KARAGÜMRÜK'TE GEÇEN 2 YIL Yarım sezon Emmen'de oynayan milli oyuncu, Temmuz 2021'de bir kez daha Türkiye defterini açtı. 2 yıl Fatih Karagümrük forması giyen tecrübeli isim, 2022/2023 sezonunun tamamlanmasıyla takımdan ayrıldı. Gümrük, 31 maçta 4 gol, 1 asistle skor katkısı veren Kerim'le yollarını ayırdığını şu ifadelerle duyurdu: VEDA MESAJI 'Futbolcumuz Kerim Frei ile yollarımız karşılıklı anlaşarak ayrılmıştır. Kendisine, bugüne kadar kulübümüze verdiği katkılardan dolayı teşekkür eder, bundan sonraki spor yaşantısında başarılar dileriz.' MANİSA FK İLE ANLAŞTI! 2+1 YILLIK İMZA Kerim Frei, Karagümrük'ten ayrılmasının ardından Manisa Futbol Kulübü'ne imza attı. Siyah Beyazlılar, 29 yaşındaki kanat oyuncusu ile 2+1 yıllık sözleşme imzalandığını duyurdu. İmza töreninde konuşan Kerim Frei, ""Manisa Futbol Kulübü’nün bir parçası olduğum için mutluyum. Tek hedefimiz olan Süper Lig’e çıkmak istiyoruz. Bunun için elimizden geleni yapacağız"" dedi. 'BİZİM İÇİN ÖZEL BİR TRANSFER' Kerim Frei tecrübesiyle takımımıza önemli katkılar sunacağını belirten İdari Direktör Nderim Nexhipi, ""Kerim Frei kadromuzda görmeyi çok istiyorduk. Bu anlamda bizim için özel bir transfer oldu. Tecrübesiyle takımımıza önemli katkılar verecektir. Kendisine Manisa Futbol Kulübümüzün formasıyla başarılar diliyorum"" ifadelerini kullandı. Kaynak: Fanatik ..."
Weghorst hamlesi! Beşiktaş'a dönüş...,https://www.duhuliye.com/weghorst-hamlesi-besiktasa-donus,https://duhuliyecom.teimg.com/crop/640x320/duhuliye-com/uploads/2023/07/0-gettyimages-1245493866.webp," Beşiktaş'ta tüm gözler yeni sezon öncesi yapılacak transferlere çevrilirken, gündeme gelen isimlerden biri de siyah-beyazlıların eski forveti Weghorst oldu. Afrika Kupası 13 Ocak - 11 Şubat 2024 tarihleri arasında oynanacak. Bu tarihler Süper Lig için en kritik tarihler. Beşiktaş Teknik Direktörü Şenol Güneş de önceki gün düzenlediği basın toplantısına bu konuya dikkat çekti. Tecrübeli teknik adam bu yüzden Aboubakar'a iyi bir alternatif istiyor. Wout Weghorst da yönetim tarafından önüne konulan isim. Ancak Hollandalı için acele yok. Hem kulübü Burnley'nin hem de Wout Weghorst'un Beşiktaş'ın istediği rakamlara gelmesi bekleniyor. Kaynak: Fotomaç ..."
Başkan Çebi'den Gedson açıklaması,https://www.duhuliye.com/baskan-cebiden-gedson-aciklamasi,https://duhuliyecom.teimg.com/crop/640x320/duhuliye-com/uploads/2023/07/62a7b68d4e3fe10834cff1ed.webp," 2022/2023 sezonuna Valerien Ismael yönetiminde giren Beşiktaş, Şenol Güneş'in göreve gelmesinin ardından çok daha iyi bir performans sergilemeye başlamıştı. Sezonu üçüncü sırada tamamlayan siyah - beyazlılar gelecek sezon şampiyon olmak için kolları sıvadı. Transfer çalışmalarına devam eden Beşiktaş'ta kadroya yeni katılacak oyuncularla ilgili çalışmalar yürütülse de takımın yıldız oyuncularına da teklifler geliyor. Bu isimlerden biri de Portekizli yıldız Gedson Fernandes... Beşiktaş Başkanı Ahmet Nur Çebi, Siyah-Beyazlılar’ın parlayan yıldızı Gedson Fernandes’in takımdaki geleceğiyle ilgili olarak açıklamalarda bulundu. Özellikle İtalyan kulüplerinin radarında bulunan Portekizli futbolcu için konuşan Çebi, “Gedson Fernandes’i satmayı düşünmüyorum. Onu bu sezon takımda tutacağım. Çok genç ve bize katkı veren oyuncumuz. Şampiyonluk yaşasın, sonrasına bakarız. Olaya sadece maliyet olarak bakmıyoruz” ifadelerini kullandı. Gedson Fernandes; İtalya, Portekiz ve İspanya kulüplerinin radarında... BEŞİKTAŞ'IN TAVRI NET! Başkan Çebi, takıma takviyeler yapacaklarını da belirtip, “Birçok isim ile temaslarımız var. Acele etmeden transfer yapacağız” ifadelerini kullandı. İtalyan basınında çıkan iddialara göre Lazio’nun 20 milyon Euro’yu gözden çıkardığı futbolcu için Beşiktaş’ın tavrı net. YARISI BENFICA'YA... Yönetim, Gedson için 35 milyon Euro istiyor. Kartal’da bu sezon 36 mücadelede görev yapan Gedson, 3 gol ve 7 asistlik performans sergiledi. Siyah-Beyazlılar, Gedson’u satarsa elde edeceği gelirin yarısı eski kulübü Benfica’ya gidecek. Kaynak: Fanatik ..."
"Beşiktaş, kondisyon ve taktik çalıştı",https://www.duhuliye.com/besiktas-kondisyon-ve-taktik-calisti,https://duhuliyecom.teimg.com/crop/640x320/duhuliye-com/uploads/2023/07/4-temmuz-antrenman-fotograflari-980-000010.jpg," Beşiktaş, yeni sezon hazırlıklarını dün akşam Nevzat Demir Tesisleri’nde yaptığı antrenmanla sürdürdü. Teknik direktör Şenol Güneş’in yönetiminde yapılan idman, kondisyon ve taktik çalışmasıydı. Isınma koşuları, pas ve 5’e 2 çalışmasıyla başlayan idman, minyatür kale maç ve kondisyon koşularıyla tamamlandı. Siyah-beyazlı ekip, yeni sezon hazırlıklarına, bugün saat 11.00 ile 18.00’de yapacağı antrenmanlarla devam edecek. Kaynak: Fanatik ..."
Berkan Durmaz Beşiktaş'ta,https://www.duhuliye.com/besiktastan-bir-takviye-daha,https://duhuliyecom.teimg.com/crop/640x320/duhuliye-com/uploads/2023/07/f0nmteuwibkfsuw-1.jpg," Gelecek sezon ülkemizi 7DAYS EuroCup’ta temsil edecek olan Beşiktaş, transfer çalışmalarını tüm hızıyla sürdürüyor. Siyah-beyazlı ekip, yerli rotasyonuna bir takviye daha yaptı. Beşiktaş, Pınar Karşıyaka’dan ayrılan Berkan Durmaz ile anlaştı. 26 yaşındaki oyuncunun gelecek sezon boyunca siyah-beyazlı formayı terletecek. TOFAŞ altyapısından yetişen Berkan, 2021 yazında Bursa ekibinden ayrılmış ve Pınar Karşıyaka’nın yolunu tutmuştu. 26 yaşındaki oyuncu, son 2 sezondur İzmir temsilcisinin formasını terletiyordu. Berkan’ın Karşıyaka ile olan sözleşmesi, bu yaz sona ermişti. Geçtiğimiz sezon toplam 38 Basketbol Süper Ligi müsabakasında süre alan Berkan Durmaz, maç başına 5.0 sayı, 4.1 ribaund ve 0.8 asist ortalamaları ile mücadele etmişti. ..."
Beşiktaş'tan Gökhan İnler açıklaması!,https://www.duhuliye.com/besiktastan-gokhan-inler-aciklamasi,https://duhuliyecom.teimg.com/crop/640x320/duhuliye-com/uploads/2023/07/tayfur-imza/img-7729.jpeg," Bugün medyada, geçmişte Beşiktaş'ta da forma giyen Gökhan İnler'in futbolculuk kariyeri sonrası teknik ekipte yardımcı antrenör olarak görev alabileceği iddia edilmişti. Burak Yılmaz sonrası bir diğer eski Beşiktaşlı oyuncunun teknik ekipte yer alacağı iddiası şaşkınlık yaratırken konuyla ilgili ulaştığımız Beşiktaşlı yetkililer Gökhan İnler iddialarını yalanlayarak ""şu an için böyle bir düşüncemiz yok"" ifadelerini kullandı. Duhuliye.com ..."
''Beşiktaş benim çocukluk hayalim..'',https://www.duhuliye.com/besiktas-benim-cocukluk-hayalim,https://duhuliyecom.teimg.com/crop/640x320/duhuliye-com/uploads/2023/07/blt.jpg," BJK Nevzat Demir Tesisleri’ndeki antrenmandan önce basın mensuplarına açıklamalarda bulunan Emrecan Bulut, “Beşiktaş’ta forma giydiğim için çok heyecanlıyım, çok mutluyum. Bu benim için büyük bir şeref, çocukluk hayalim. Elimden geleni yapıp bu arma için mücadele edeceğim ve şampiyonluğu alacağız. 2-3 sene önce bugünü hayal edemiyordum. Araya pandemi girmişti. O zaman amatörde oynuyordum, lig de daha geç başladı. Geçen sezona kadar böyle bir hedefim yoktu. Benim için bir şeyler iyi gidince böyle bir hedefim oldu ve başardım, mutluyum” diye konuştu. “2-3 YIL ÖNCESİNE KADAR BÖYLE BİR HEDEFİM YOKTU” Alt liglerden geldiğini ve daha üst seviyelerde oynamak istediğini aktaran siyah-beyazlı futbolcu, “Süper Lig’de 2-3 yıl öncesine kadar böyle bir hedefim yoktu. Buraya gelince hedefim yükseldi, uzun yıllar milli takım ve Beşiktaş forması giymek istiyorum. Umarım bir hikaye yazabilirim. Şenol Güneş’le çalışmak çok gurur verici. Çok büyük başarılara imza attı, ben de inşallah onunla yükseleceğim. Kendisiyle ilk karşılaştığımızda bayramlaşma vardı. Tanışmak için ufak bir sohbetimiz oldu. Çok sıcakkanlı. Hiç yabancılık çekmedim.” ifadelerini kullandı. Beşiktaş’a katkı vermek istediğini ifade eden 20 yaşındaki Emrecan, “En beğendiğim özelliğim fiziğim ve hızımla futbol oynamayı daha çok seviyorum. Benden beklenenin üstünde oynadım belki ama umarım bu sene de üstüne koyup takıma daha fazla katkı sağlayacağım.” değerlendirmesinde bulundu. ..."
"''Eksiklerimin farkındayım,''",https://www.duhuliye.com/eksiklerimin-farkindayim,https://duhuliyecom.teimg.com/crop/640x320/duhuliye-com/uploads/2023/07/krm.jpg," Yeni sezonun tüm futbol camiasına hayırlı olmasını dileyen Kerem Atakan Kesgin de şu ifadeleri kullandı: “Herkes buraya kafasını boşaltıp, dinlenip geldi. Biz de gerçekten hızlı bir giriş yaptık. İyi çalışıyoruz. 9 Temmuz’da da Avusturya’ya kampa gideceğiz. Burada yüzde yüz çalışıp kampa hazır olmak istiyoruz. Umarım bu sene, geçen sene hak ettiğimiz ancak yakalayamadığımız şampiyonluğu alıp camiamıza hediye ederiz. Bu sezon forma şansı bulduğum sürece bunu iyi kullanacağıma eminim. Bu sene daha fazla çalışarak daha fazla süre bulmaya çalışacağım. Umarım hocam da bana bu şansı verir ve bu sezon ben de takıma katkı sağlayabilirim. Beşiktaş’ta olduğumun farkında olarak buradayım. Eksiklerimin farkındayım, neler yapabileceklerimin farkındayım. Bu sene benim için farklı bir sene olacak, bunu hissediyorum. Ben Beşiktaş’a gelmeden önce UEFA Konferans Ligi’nde bir maç oynamıştım. Tabii bunu bir daha oynamak bana heyecan verir. Umarım Konferans Ligi’nde devam ederiz. Gidebildiğimiz kadar gidip Konferans Ligi’nde forma şansı bulmaya çalışacağım.” ..."
Beşiktaş'ın Tayfur Bingöl teklifi belli oldu,https://www.duhuliye.com/besiktasin-tayfur-bingol-teklifi-belli-oldu,https://duhuliyecom.teimg.com/crop/640x320/duhuliye-com/uploads/2022/10/752x395-son-dakika-besiktas-haberleri-valerien-ismaelden-tayfur-bingol-karari-giresunspor-macinda-1665216281593.jpg," Geçtiğimiz sezon başında kiralık olarak siyah-beyazlılara katılan ve sözleşmesinin sona ermesiyle takımdan ayrılan başarılı futbolcuyla ilgili Beşiktaş'tan yeni bir hamle geldi. Beşiktaş, Tayfur Bingöl'ü kadrosuna katmak için görüşmelere başladı. Tecrübeli futbolcu Beşiktaş'ta kalmak için maaşında fedakarlık yapmak isterken, Şenol Güneş de oyuncuyu kadrosunda istiyor. Beşiktaş ilk aşamada 1 milyon Euro olan bonservis bedelini 4 taksit halinde ödemeyi teklif etti ancak Alanyaspor tek seferde almak istiyor. Transferin kısa süre içerisinde 500-600 bin Euro civarı bir rakama bitmesi bekleniyor. fanatik ..."
Tayyip Talha'da son durum,https://www.duhuliye.com/tayyip-talhada-son-durum,https://duhuliyecom.teimg.com/crop/640x320/duhuliye-com/uploads/2022/09/tayyip-talha-bugunlerin-hayalini-yasiyorum-h100223-29480.jpg," Beşiktaş Teknik Direktörü Şenol Güneş, dün düzenlediği basın toplantısında şu an en öncelikli ihtiyacının sağ stoper olduğunu belirtmişti. Welinton'un da takımdan ayrılmasıyla sağ ayaklı stoperi kalmayan Beşiktaş'ta gözler bir yandan transfere, bir yandan da sakatlığı devam eden Tayyip Talha Sanuç'a çevrildi. Nisan ayındaki Fenerbahçe derbisinde çapraz bağlarından sakatlanan Tayyip Talha, takımın salon çalışmalarına dahi henüz katılabilmiş değil. Tayyip Talha'nın durumuyla ilgili bilgisine başvurduğumuz Beşiktaş yetkilileri, oyuncunun henüz zamana ihtiyacı olduğunu belirterek en sağlıklı geri dönüşü yapabilmesi için acele edilmeyeceğini, Tayyip Talha'nın sahalara dönüşünün Kasım ayını bulabileceğini ifade etti. Yurt dışı hazırlık kampında da takımdaki yerini alamayacak Tayyip'in ligin ilk 8-10 haftalık periyodunda da forma giymesi beklenmiyor. Duhuliye.com ..."
Cenk Tosun çalışıyor!,https://www.duhuliye.com/cenk-tosun-calisiyor,https://duhuliyecom.teimg.com/crop/640x320/duhuliye-com/uploads/2023/03/besiktas-cenk-tosunun-sozlesmesini-uzatacak-9a98c396.jpg," Son maçta yaşadığı bu sakatlıkla Beşiktaşlıları korkutan Cenk Tosun'un kasığında yırtık olduğu ve sahalara dönüşünün 2 ay gibi bir süreyi bulabileceği ifade edilmişti. İlk resmi maçını 27 Temmuz'da UEFA Konferans Ligi ön elemesinde oynayacak olan Beşiktaş'ta Cenk'in sezon başında birkaç maç kaçırabileceği öne sürülmüştü. Buna karşın Beşiktaş'ın golcüsü Cenk, sahalara öngörülen tarihten daha çabuk dönecek gibi gözüküyor. Geçtiğimiz günlerde katıldığı programda sakatlığının iyi durumda olduğunu belirten Cenk, sezonu açan Beşiktaş'ın İstanbul'da sürdürdüğü kuvvet antrenmanlarına da katılıyor. Tecrübeli golcü instagram hesabından yaptığı paylaşımda, antrenman görüntülerini yayınladı. Cenk Tosun'un formda görüntüsü beklenenden önce sahalara dönebileceği şeklinde yorumlandı. İşte Cenk Tosun'un paylaşımı: Duhuliye.com ..."
Beşiktaş'ın gündemindeki yıldız için Arabistan iddiası,https://www.duhuliye.com/besiktasin-gundemindeki-yildiz-icin-arabistan-iddiasi,https://duhuliyecom.teimg.com/crop/640x320/duhuliye-com/uploads/2023/06/coutinho.jpg," Beşiktaş Sportif Direktörü Ceyhun Kazancı ise, dünkü antrenman sonrası basın mensuplarına yaptığı açıklamada Coutinho transferinin şu an için ve bu şartlarda çok zor olduğunu ifade etmiş, Kazancı'nın bu açıklamaları Beşiktaş'ın Coutinho transferinde maliyeti düşürmek için transferin son günlerine kadar bekleyebileceği şeklinde yorumlanmıştı. Beşiktaş Coutinho için beklemeye geçerken, transferlere ayırdığı bütçelerle dikkat çeken Arap kulüpleri, Coutinho için harekete geçti. Fransız basını, Al-Ettifaq kulübünün Coutinho'yu renklerine bağlamak için girişimlere başladığını iddia etti. Haberde, Coutinho ile Aston Villa'da çalışan ve Liverpool'da birlikte oynayan Al-Ettifaq teknik direktörü Steven Gerrard'ın, Coutinho'yu transfer piyasasındaki öncelikli hedeflerinden biri olarak gördüğü belirtilirken, eski hocasının Coutinho'yu Arabistan için ikna edebileceği iddia edildi. Haberde ayrıca Coutinho'nun Barcelona'dan Aston Villa'ya 20 milyon Euro ve sonraki satıştan yüzde 50 pay karşılığında transfer olduğu aktarıldı. Duhuliye.com ..."
Acun Ilıcalı'dan Ozan Tufan açıklaması,https://www.duhuliye.com/acun-ilicalidan-ozan-tufan-aciklamasi,https://duhuliyecom.teimg.com/crop/640x320/duhuliye-com/uploads/2023/07/acun-ilicali-ya-buyuk-surpriz-ozan-tufan-hull-15446881-5848-amp.jpg," Ilıcalı, Ozan Tufan'ın Beşiktaş'a gitmek yerine İngiltere'de kalmak istediğini belirtti. Ayrıca, Ilıcalı İrfan Can Kahveci transferiyle ilgili iddiaları da yalanladı. Adı sık sık Beşiktaş ile anılan Ozan Tufan için Hull City'nin sahibi Acun Ilıcalı'dan açıklama geldi. Ilıcalı futbolcusunun takımdan ayrılmayacağını net bir şekilde ifade etti. ""OZAN TUFAN, HULL CITY'DE KALACAK"" Acun Ilıcalı yaptığı açıklamada, ""Beşiktaş, benim için çok değerli bir camia. Değeri benim için her zaman büyüktür. Ozan Tufan da değerli bir oyuncu. Normal şartlarda Beşiktaş'a giderdi. Ben öyle düşünüyorum. Ozan'a İngiltere'de güzel bir ortam sağladık. Taraftarlar adına şarkılar söylüyor. Premier Lig hayali de var. Buna konsantre. Konu Beşiktaş'ı tercih etmemesi değil, Türkiye'ye dönmek istemiyor. İngiltere'de çok mutlu. Bu sene bizim için çok özel sene. Hocamızı çok seviyor. Aralarında ağabey-kardeş ilişkisi var. Hull City'de kalacak."" ifadelerini kullandı. ""İLK GÖRÜŞECEĞİM KİŞİ SAYIN ALİ KOÇ OLUR"" İrfan Can Kahveci ile ilgilendikleri iddialarına ise Ilıcalı, ""İrfan Can Kahveci'nin transferi gündemimizde yok. İrfan çok büyük bir yetenek, çok severim ama şu anda böyle bir şey yok. Böyle bir durumda ilk görüşeceğim kişi sayın Ali Koç olur. Şimdi böyle bir durum söz konusu değil."" dedi. Kaynak: Sondakika.com ..."
Beşiktaş'ta hazırlıklar sürüyor!,https://www.duhuliye.com/besiktasta-hazirliklar-suruyor,https://duhuliyecom.teimg.com/crop/640x320/duhuliye-com/uploads/2023/07/ekran-alintisi-99.JPG," Yeni sezon hazırlıklarına devam eden Beşiktaş, akşam antrenmanıyla çalışmalarını sürdürdü. BJK Nevzat Demir Tesisleri'nde yarım saatlik bölümü basına açık olan antrenmana siyah-beyazlı futbolcular, koşularla başladı. Bir süre istasyon çalışmaları yapan Beşiktaşlı oyuncular, daha sonra iki gruba ayrılarak üçerli minyatür kale maç oynadı. Onur Bulut takımdan ayrı idman yaparken, Cenk Tosun ve Tayyip Talha Sanuç'un tedavileri devam etti. Antrenmana izinli olan Amir Hadziahmetovic, Omar Colley, Vincent Aboubakar, Romain Saiss, Salih Uçan ve Mert Günok katılmadı. ..."
Halil Dervişoğlu transferi olursa sürpriz olmaz.,https://www.duhuliye.com/halil-dervisoglu-transferi-olursa-surpriz-olmaz,https://duhuliyecom.teimg.com/crop/640x320/duhuliye-com/uploads/2023/07/hlds.jpg," Ali Naci Küçük; Beşiktaş daha kreatif, daha aratıcı bir oyuncu alacaktır. Delle Alli olmadı işte, Şenol Güneş nerede ise bir tek ona dokunamadı. Beşiktaş'ta herkese pozitif katkı sağladı ama onu kazanamadı belki Delle Alli'nin yerine birini monte etmek istiyor Beşiktaş birde tabiki ikinci golcü mevzuu var bence o çok önemli Cenk Tosun sakatlandı kampa katılamayacak, sakatlıktan çıktıktan sonra belli bir hazırlık süreci yaşayacak. Ben burada Halil dervişoğlu ismininde bir anlamda olası bir Cenk'in geç dönüşüne önlem almak adına yapılan bir hamle olarak düşünüyorum. Çünkü sadece şu an Aboubakar var. Halil konusunda Beşiktaş'ın Galatasaray'da forma giyerken de bir ilgisi olmuştu. Böyle bir transfer olursa sürpriz olmaz. Gedson'da o bölgede iyi oynamıştı ama böyle birtransfer olursa nasıl bir ikili ortaya çıkar bilimedim. Halil doğru bir isim, doğru bir transfer olur. ..."
"""Şenol Güneş'in sahada takıma katacağı en az 2-3 oyuncu olmalı """,https://www.duhuliye.com/senol-gunesin-sahada-takima-katacagi-en-az-2-3-oyuncu-olmali,https://duhuliyecom.teimg.com/crop/640x320/duhuliye-com/uploads/2023/07/sg/64a33fe34e3fe1178cf48af3.webp," Ergin Aslan'in sözlerinden öne çıkanlar şöyle: Burak Yılmaz Beşiktaş'a hayırlı olsun. Bir kere çok çok iyi bir Beşiktaşlı ama yaşanmışlıklar var mı var. Hayatta herkes ikinci, üçüncü şansları hak ediyor. Burak Yılmaz'ın gelmesine en çok Nevzat Demir tesisleri'ndeki çalışanlar sevindi, detayını vermeyeyim. Burak Yılmaz'dan teknik adam olur. Çok profesyonel bir futbol yaşantısı vardı onu abuk subuk işler içinde görmezdiniz. Sahada 1 dakika veya 90 dakika mı kaldı, hepsinde o teri görürsünüz. Sporcu bir aileden geliyor, iş disiplini mükemmel, yurt dışında tutundu. PSG'yi geçen Lille'nin en büyük faktörüydü. Açıklanan limitlerde en düşük bütçeye sahip, bu bütçe belirlenen önemli kriterler sonucunda ortaya çıkıyor. Beşiktaş bu bütçe ile yüksek fiyatlı oyuncular yerine, belirli bölgelere belirli oyuncuları alacak, mesele tabi ki ön eleme oraya bu transferlerin yetişmesi lazım. Şenol Güneş'in sahada takıma katacağı en az 2-3 oyuncu olmalı. Bunlar sezonun maçlarıdır. Beşiktaş gibi bir kulübün sezona stad sponsorsuz başlaması gibi bir konu olmamalı. Bu bir yönetim zafiyetine girer. ..."
Beşiktaş'ın yeni transferi Ghezzal,https://www.duhuliye.com/besiktasin-yeni-transferi-ghezzal,https://duhuliyecom.teimg.com/crop/640x320/duhuliye-com/uploads/2022/10/rachid-ghezzal-aa-1875295-1.jpg," Geçen sezon peş peşe yaşadığı sakatlıklar sebebiyle geri planda kalan Ghezzal, yeni sezon hazırlıklarına katıldı. HEDEF 50 MAÇ Cezayirli oyuncu, yeni sezonda yaklaşık 50 maça çıkacak Beşiktaş'ta yeni transfer etkisi yaratmak istiyor. Geçtiğimiz sezon sakatlıklardan dolayı yalnızca 11 maçta forma giyebilen Ghezzal gelecek sezon tam performansla dönmek için çalışmalarını sıklaştırdı. Kaynak: Fanatik ..."
Bakasetas için flaş Beşiktaş cevabı!,https://www.duhuliye.com/bakasetas-icin-flas-besiktas-cevabi,https://duhuliyecom.teimg.com/crop/640x320/duhuliye-com/uploads/2023/07/bak.jpg," Trabzonspor'un Başkanı Ertuğrul Doğan konuyla ilgili olarak, ""Bakasetas'la ilgilenen kulüp yok. Olsa da satmam. Boşa gündem yaratılmasın."" ifadelerini kullandı. Bu sezon Trabzonspor formasıyla 41 resmi maçta görev alan Anastasios Bakasetas bu karşılaşmlarda 13 gol atarken 10'da asist yapmayı başardı. ..."
Beşiktaş için sürpriz transfer iddiası! Polonya'dan geliyor...,https://www.duhuliye.com/besiktas-icin-surpriz-transfer-iddiasi-polonyadan-geliyor,https://duhuliyecom.teimg.com/crop/640x320/duhuliye-com/uploads/2023/07/vel.jpg," Fabrizio Romano'nun haberine göre Beşiktaş, Polonya Ligi ekiplerinden Lech Poznan forması giyen 23 yaşındaki kanat oyuncusu Kristoffer Velde ile ilgileniyor. Takip ediliyor Haberde oyuncu için birçok kulübün devrede olduğu belirtilirken, en ciddi adayın Beşiktaş olduğu belirtildi. 2021/22 sezonunun devre arası transfer döneminde Norveç ekibi Haugesund'dan Lech Poznan'a katılan Velde, Poznan ile çıktığı 58 karşılaşmada 16 gol ve 8 asistlik performans sergiledi. 23 yaşındaki oyuncu, Norveç Milli Takımı'nın formasını da 1 kez sırtına geçirdi. beinsports.com.tr / Dış Haberler ..."
Beşiktaş'tan Türki açılım! İşte listedeki isimler...,https://www.duhuliye.com/besiktastan-turki-acilim-iste-listedeki-isimler,https://duhuliyecom.teimg.com/crop/860x504/duhuliye-com/uploads/2023/07/12578.jpg," Transfer çalışmalarını sürdüren Beşiktaş, Avrupa'dan pek çok isimle temas kurarken bir gözünü de Türk dünyasına çeviriyor. Siyah-beyazlılar, TFF'nin yeni yabancı kararının ardından bu bölgeden bir oyuncuyu da kadrosuna katmanın peşinde... Hatırlanacağı gibi TFF, 2023-24 sezonu için yabancı oyuncu statüsünde değişikliğe gitmişti. Yapılan açıklamaya göre Azerbaycan, Kazakistan, Kırgızistan, Özbekistan ve Türkmenistan vatandaşı olan bir oyuncu ve Türkiye A Milli Futbol Takımında oynama uygunluğu bulunmamakla birlikte Türk Vatandaşlığı veya mavi kart sahibi olan en fazla 1 futbolcuyla da sözleşme imzalanabilecek. Bu nedenle siyah-beyazlılar da Türk dünyasından transfer için kolları sıvadı. Listenin ilk sırasındaki isim ise CSKA Moskova forması giyen orta saha oyuncusu Bakhtiyor Zaynutdinov var. 25 yaşındaki Kazak futbolcu, 2020 yılında Rostov'dan 2 milyon Euro bedelle transfer edilmişti. Beşiktaş, Bakhtiyoriçin Rus ekibinin kapısını çalmaya hazırlanıyor. LİSTEDE FARKLI İSİMLER DE VAR Bakhtiyor Zaynutdinov'un yanı sıra Beşiktaş'ın farklı isimleri de radarına aldığı öğrenildi. Siyah-beyazlılar, Kazakistan ekibi FC Astana'nın 23 yaşındaki sol kanat oyuncusu Elkhan Astanov ile FC Aktobe'nin 22 yaşındaki 10 numarası Arman Kenesov'u da yakından takip ediyor. İki Kazak oyuncu için de önümüzdeki günlerde sıcak gelişmelerin yaşanabileceği vurgulanırken Beşiktaş diğer ülkelerdeki taramalarına da devam ediyor. Kaynak: Habertürk ..."
"""Şenol Güneş, Kristoffer Velde transferine ne dedi?""",https://www.duhuliye.com/senol-gunes-kristoffer-velde-transferine-ne-dedi,https://duhuliyecom.teimg.com/crop/640x320/duhuliye-com/uploads/2023/07/79c82b2ecf414e36ace9815111a21117.jpg," Serdar Sarıdağ şunları söyledi: Beşiktaş'ın gündeminde olmayan oyunculardan bir tanesi Güven Yalçın çünkü mental olarak hiçbir zaman Beşiktaş'ta kendini hazır hissetmedi ve verilen fırsatları değerlendiremedi. Kuzyaev kendi takımında sözleşme uzatma durumu ihtimali var fakat bu uzatma olayı Beşiktaş ile görüşmelerde bir koz olarak kullanılıyor. Bu kozun net cevabı ise daha fazla para demek. Beşiktaş'ın transfer listesinde elde çok oyuncu var. Burak Yılmaz'ın varlığı birçok Türk oyuncuların transferinde olumlu katkı yapacaktır. Sabitzer ve Matip olması imkânsız iki transfer bütçe açısından bu iş olamaz. Gustavo Scarpa geniş transfer listesinde ismi yer alan futbolculardan. Birkaç ismin transferi olmaz ise olabilecek bir isim. Afrikalı birçok oyuncu takip ediliyor. Beşiktaş'ın mutlaka bir Türk kulübünden iyi yerli veya Türk kulüplerinden iyi yabancı alacaklarını düşünüyorum. Şenol Güneş'in isteği ile yerli oyuncu kadrosunu daha güçlendirmek hatta önümüzdeki sezon ilk onbirde dört Türk oyuncunun oynamasınıda Şenol Güneş'in ve Beşiktaş yönetimi açısından önemli olduğunu bu konuya sıcak baktıklarını söyleyebilirim. Beşiktaş, Halil dervişoğlu için bonservis bedeli ödemek istemiyor. ..."
